{
    "header":{
        "name":"Logo",
        "home": "الصفحة الرئيسية",
        "signup": "سجل",
        "login": "تسجيل الدخول",
        "fitting_location": "مواقع ملائمة",
        "create_account": "إنشاء حساب",
        "login_form" :{
            "email_address":{
                "label":"عنوان بريد الكتروني",
                "place_holder":"البريد الإلكتروني"
            },
            "password":{
               "label":"كلمه السر",
               "place_holder":"كلمه السر"
            }
       },
            "links_level":{
               "forget_password":"هل نسيت كلمة المرور",
               "login":"",
               "signup":"",
               "dont_have_an_account":"ليس لديك حساب؟",
               "get_stated_here":"ابدأ هنا.",
               "spcl_offer":"عرض خاص",
               "spcl_offer_text":"اشتر 3 واحصل على 1 مجانًا",
               "order_tracking":"تتبع الطلب",
               "send_enquiry":"أرسل إستفسار"
            },
         "categoey":[
            {
                "text":"حول",
                "link" :"post"

            },
             {
                "text":"اتصل بنا",
                "link" :"contactus"

            }
          ]
    }
}