{
    "footer":{
        "news_latter_section":{
            "title":"Subscribe to Newsletter",
            "description":"Subscribe by our newsletter and get update.",
            "form":{
                "email":{
                    "label":"",
                    "placeholder":"Email address"
                },
                "button":{
                    "label":"Subscribe"
                }
            }
        },
        "links_label":{
            "all_right_reserved":"All Rights Reserved",
            "store_name":"SpeedMate",
            "powered_by":"Powered by",
            "company_name":"B2C Info Solutions",
            "social_media":"Social Media",
            "know_us":"Know Us",
            "other_links":"Other Links",
            "contact_us":"Contact Us"
          },
        "title":"Bootstrap Tutorial",
        "description":"Bootstrap is the most popular HTML, CSS, and JS framework for developing responsive, mobile-first projects on the web"
    }
}